Pclass,average_age,total_fare,passenger_count
1,38.233440860215055,18177.4125,216
2,29.87763005780347,3801.8417,184
3,25.14061971830986,6714.6951,491
